{
    "adb": {
        "adb_path": "D:/software/MuMu Player 12/shell/adb.exe",
        "address": "127.0.0.1:16384",
        "config": {
            "extras": {
                "mumu": {
                    "enable": true,
                    "index": 0,
                    "path": "D:/software/MuMu Player 12"
                }
            }
        }
    },
    "controller": {
        "name": "安卓端"
    },
    "resource": "B 服",
    "task": [
        {
            "name": "启动游戏",
            "option": [
            ]
        },
        {
            "name": "开始唤醒",
            "option": [
            ]
        },
        {
            "name": "作战",
            "option": [
                {
                    "name": "作战关卡选择",
                    "value": "宝石棱镜战——红"
                },
                {
                    "name": "自动战斗",
                    "value": "自定义策略2"
                }
            ]
        },
        {
            "name": "领取任务和礼物",
            "option": [
            ]
        },
        {
            "name": "挂机结束（暂时只挂竞技场高级2,默认auto full）",
            "option": [
                {
                    "name": "斩突打？",
                    "value": "突"
                }
            ]
        }
    ],
    "win32": {
        "_placeholder": 0
    }
}