{
"A1-0": {"next":"A1-1","post_delay":1500,"recognition":"FeatureMatch","template":"退出战斗.png"},
"A1-1": {"action":"Click","next":"A2-0","post_delay":500,"target":[1190,600,10,10]},
"A2-0": {"next":"A2-1","post_delay":1500,"recognition":"FeatureMatch","template":"退出战斗.png"},
"A2-1": {"action":"Click","next":"A3-0","post_delay":500,"target":[1190,600,10,10]},
"A3-0": {"next":"A3-1","post_delay":1500,"recognition":"FeatureMatch","template":"退出战斗.png"},
"A3-1": {"action":"Click","next":"A4-0","post_delay":500,"target":[1190,600,10,10]},
"A4-0": {"next":"A4-1","post_delay":1500,"recognition":"FeatureMatch","template":"退出战斗.png"},
"A4-1": {"action":"Click","next":"A4-2","post_delay":500,"target":[110,600,10,10]},
"A4-2": {"action":"Click","next":"A4-3","post_delay":500,"target":[650,600,10,10]},
"A4-3": {"action":"Click","next":"A4-4","post_delay":500,"target":[110,600,10,10]},
"A4-4": {"action":"Click","next":"A4-5","post_delay":500,"target":[640,200,10,10]},
"A4-5": {"action":"Click","next":"A4-6","post_delay":500,"target":[650,600,10,10]},
"A4-6": {"action":"Click","next":"A4-7","post_delay":500,"target":[470,600,10,10]},
"A4-7": {"action":"Click","next":"A4-8","post_delay":500,"target":[640,200,10,10]},
"A4-8": {"action":"Click","next":"A4-9","post_delay":500,"target":[650,600,10,10]},
"A4-9": {"action":"Click","next":"A5-0","post_delay":500,"target":[1190,600,10,10]},
"A5-0": {"next":"A5-1","post_delay":1500,"recognition":"FeatureMatch","template":"退出战斗.png"},
"A5-1": {"action":"Click","next":"A5-2","post_delay":500,"target":[470,600,10,10]},
"A5-2": {"action":"Click","next":"A5-3","post_delay":500,"target":[650,600,10,10]},
"A5-3": {"action":"Click","next":"A5-4","post_delay":500,"target":[110,600,10,10]},
"A5-4": {"action":"Click","next":"A5-5","post_delay":500,"target":[640,200,10,10]},
"A5-5": {"action":"Click","next":"A5-6","post_delay":500,"target":[470,600,10,10]},
"A5-6": {"action":"Click","next":"A5-7","post_delay":500,"target":[290,600,10,10]},
"A5-7": {"action":"Click","next":"A5-8","post_delay":500,"target":[1010,600,10,10]},
"A5-8": {"action":"Click","next":"A5-9","post_delay":500,"target":[290,600,10,10]},
"A5-9": {"action":"Click","next":"A5-10","post_delay":500,"target":[640,200,10,10]},
"A5-10": {"action":"Click","next":"A5-11","post_delay":500,"target":[470,600,10,10]},
"A5-11": {"action":"Click","next":"A5-12","post_delay":500,"target":[640,320,10,10]},
"A5-12": {"action":"Click","next":"A6-0","post_delay":500,"target":[1190,600,10,10]},
"A6-0": {"next":"A6-1","post_delay":1500,"recognition":"FeatureMatch","template":"退出战斗.png"},
"A6-1": {"action":"Click","next":"A6-2","post_delay":500,"target":[110,600,10,10]},
"A6-2": {"action":"Click","next":"A6-3","post_delay":500,"target":[830,600,10,10]},
"A6-3": {"action":"Click","next":"A6-4","post_delay":500,"target":[110,600,10,10]},
"A6-4": {"action":"Click","next":"A6-5","post_delay":500,"target":[640,200,10,10]},
"A6-5": {"action":"Click","next":"A7-0","post_delay":500,"target":[1190,600,10,10]},
"A7-0": {"next":"A7-1","post_delay":1500,"recognition":"FeatureMatch","template":"退出战斗.png"},
"A7-1": {"action":"Click","next":"A7-2","post_delay":500,"target":[650,600,10,10]},
"A7-2": {"action":"Click","next":"A7-3","post_delay":500,"target":[110,600,10,10]},
"A7-3": {"action":"Click","next":"A7-4","post_delay":500,"target":[110,600,10,10]},
"A7-4": {"action":"Click","next":"A7-5","post_delay":500,"target":[640,320,10,10]},
"A7-5": {"action":"Click","next":"A7-6","post_delay":500,"target":[290,600,10,10]},
"A7-6": {"action":"Click","next":"A7-7","post_delay":500,"target":[640,200,10,10]},
"A7-7": {"action":"Click","next":"A7-8","post_delay":500,"target":[1190,600,10,10]},
"A7-8": {"action":"Click","interrupt":"一直点OD","next":"A8-0","post_delay":1500,"target":[1170,45,30,30]},
"A8-0": {"next":"A8-1","post_delay":1500,"recognition":"FeatureMatch","template":"退出战斗.png"},
"A8-1": {"action":"Click","next":"A8-2","post_delay":500,"target":[110,600,10,10]},
"A8-2": {"action":"Click","next":"A8-3","post_delay":500,"target":[640,200,10,10]},
"A8-3": {"action":"Click","next":"A8-4","post_delay":500,"target":[470,600,10,10]},
"A8-4": {"action":"Click","next":"A8-5","post_delay":500,"target":[290,600,10,10]},
"A8-5": {"action":"Click","next":"A8-6","post_delay":500,"target":[830,600,10,10]},
"A8-6": {"action":"Click","next":"A8-7","post_delay":500,"target":[290,600,10,10]},
"A8-7": {"action":"Click","next":"A8-8","post_delay":500,"target":[640,200,10,10]},
"A8-8": {"action":"Click","next":"A8-9","post_delay":500,"target":[470,600,10,10]},
"A8-9": {"action":"Click","next":"A8-10","post_delay":500,"target":[470,600,10,10]},
"A8-10": {"action":"Click","next":"A8-11","post_delay":500,"target":[640,320,10,10]},
"A8-11": {"action":"Click","next":"战斗结束后操作","post_delay":500,"target":[1190,600,10,10]}
}