{
"B1-0": {"next":"B1-1","post_delay":1500,"recognition":"FeatureMatch","template":"退出战斗.png"},
"B1-1": {"action":"Click","next":"B2-0","post_delay":500,"target":[1190,600,10,10]},
"B2-0": {"next":"B2-1","post_delay":1500,"recognition":"FeatureMatch","template":"退出战斗.png"},
"B2-1": {"action":"Click","next":"B2-2","post_delay":500,"target":[290,600,10,10]},
"B2-2": {"action":"Click","next":"B2-3","post_delay":500,"target":[830,600,10,10]},
"B2-3": {"action":"Click","next":"B2-4","post_delay":500,"target":[290,600,10,10]},
"B2-4": {"action":"Click","next":"B2-5","post_delay":500,"target":[640,200,10,10]},
"B2-5": {"action":"Click","next":"B3-0","post_delay":500,"target":[1190,600,10,10]},
"B3-0": {"next":"B3-1","post_delay":1500,"recognition":"FeatureMatch","template":"退出战斗.png"},
"B3-1": {"action":"Click","next":"B4-0","post_delay":500,"target":[1190,600,10,10]},
"B4-0": {"next":"B4-1","post_delay":1500,"recognition":"FeatureMatch","template":"退出战斗.png"},
"B4-1": {"action":"Click","next":"B4-2","post_delay":500,"target":[110,600,10,10]},
"B4-2": {"action":"Click","next":"B4-3","post_delay":500,"target":[650,600,10,10]},
"B4-3": {"action":"Click","next":"B4-4","post_delay":500,"target":[110,600,10,10]},
"B4-4": {"action":"Click","next":"B4-5","post_delay":500,"target":[640,200,10,10]},
"B4-5": {"action":"Click","next":"B4-6","post_delay":500,"target":[650,600,10,10]},
"B4-6": {"action":"Click","next":"B4-7","post_delay":500,"target":[470,600,10,10]},
"B4-7": {"action":"Click","next":"B4-8","post_delay":500,"target":[640,200,10,10]},
"B4-8": {"action":"Click","next":"B4-9","post_delay":500,"target":[650,600,10,10]},
"B4-9": {"action":"Click","next":"B5-0","post_delay":500,"target":[1190,600,10,10]},
"B5-0": {"next":"B5-1","post_delay":1500,"recognition":"FeatureMatch","template":"退出战斗.png"},
"B5-1": {"action":"Click","next":"B5-2","post_delay":500,"target":[110,600,10,10]},
"B5-2": {"action":"Click","next":"B5-3","post_delay":500,"target":[640,200,10,10]},
"B5-3": {"action":"Click","next":"B5-4","post_delay":500,"target":[650,600,10,10]},
"B5-4": {"action":"Click","next":"B5-5","post_delay":500,"target":[470,600,10,10]},
"B5-5": {"action":"Click","next":"B5-6","post_delay":500,"target":[640,200,10,10]},
"B5-6": {"action":"Click","next":"B5-7","post_delay":500,"target":[650,600,10,10]},
"B5-7": {"action":"Click","next":"B6-0","post_delay":500,"target":[1190,600,10,10]},
"B6-0": {"next":"B6-1","post_delay":1500,"recognition":"FeatureMatch","template":"退出战斗.png"},
"B6-1": {"action":"Click","next":"B6-2","post_delay":500,"target":[110,600,10,10]},
"B6-2": {"action":"Click","next":"B6-3","post_delay":500,"target":[1010,600,10,10]},
"B6-3": {"action":"Click","next":"B6-4","post_delay":500,"target":[110,600,10,10]},
"B6-4": {"action":"Click","next":"B6-5","post_delay":500,"target":[640,200,10,10]},
"B6-5": {"action":"Click","next":"B6-6","post_delay":500,"target":[470,600,10,10]},
"B6-6": {"action":"Click","next":"B6-7","post_delay":500,"target":[650,600,10,10]},
"B6-7": {"action":"Click","next":"B6-8","post_delay":500,"target":[470,600,10,10]},
"B6-8": {"action":"Click","next":"B6-9","post_delay":500,"target":[640,320,10,10]},
"B6-9": {"action":"Click","next":"战斗结束后操作","post_delay":500,"target":[1190,600,10,10]}
}