{
  "1-0": {"next":"1-1","post_delay":1500,"recognition":"FeatureMatch","template":"退出战斗.png"},
  "1-1": {"action":"Click","next":"2-0","post_delay":500,"target":[1190,600,10,10]},
  "2-0": {"next":"2-1","post_delay":1500,"recognition":"FeatureMatch","template":"退出战斗.png"},
  "2-1": {"action":"Click","next":"3-0","post_delay":500,"target":[1190,600,10,10]},
  "3-0": {"next":"3-1","post_delay":1500,"recognition":"FeatureMatch","template":"退出战斗.png"},
  "3-1": {"action":"Click","next":"4-0","post_delay":500,"target":[1190,600,10,10]},
  "4-0": {"next":"4-1","post_delay":1500,"recognition":"FeatureMatch","template":"退出战斗.png"},
  "4-1": {"action":"Click","next":"4-2","post_delay":500,"target":[110,600,10,10]},
  "4-2": {"action":"Click","next":"4-3","post_delay":500,"target":[650,600,10,10]},
  "4-3": {"action":"Click","next":"4-4","post_delay":500,"target":[110,600,10,10]},
  "4-4": {"action":"Click","next":"4-5","post_delay":500,"target":[640,200,10,10]},
  "4-5": {"action":"Click","next":"4-6","post_delay":500,"target":[650,600,10,10]},
  "4-6": {"action":"Click","next":"4-7","post_delay":500,"target":[470,600,10,10]},
  "4-7": {"action":"Click","next":"4-8","post_delay":500,"target":[640,200,10,10]},
  "4-8": {"action":"Click","next":"4-9","post_delay":500,"target":[650,600,10,10]},
  "4-9": {"action":"Click","next":"5-0","post_delay":500,"target":[1190,600,10,10]},
  "5-0": {"next":"5-1","post_delay":1500,"recognition":"FeatureMatch","template":"退出战斗.png"},
  "5-1": {"action":"Click","next":"5-2","post_delay":500,"target":[470,600,10,10]},
  "5-2": {"action":"Click","next":"5-3","post_delay":500,"target":[650,600,10,10]},
  "5-3": {"action":"Click","next":"5-4","post_delay":500,"target":[110,600,10,10]},
  "5-4": {"action":"Click","next":"5-5","post_delay":500,"target":[640,200,10,10]},
  "5-5": {"action":"Click","next":"5-6","post_delay":500,"target":[470,600,10,10]},
  "5-6": {"action":"Click","next":"5-7","post_delay":500,"target":[290,600,10,10]},
  "5-7": {"action":"Click","next":"5-8","post_delay":500,"target":[1010,600,10,10]},
  "5-8": {"action":"Click","next":"5-9","post_delay":500,"target":[290,600,10,10]},
  "5-9": {"action":"Click","next":"5-10","post_delay":500,"target":[640,200,10,10]},
  "5-10": {"action":"Click","next":"5-11","post_delay":500,"target":[470,600,10,10]},
  "5-11": {"action":"Click","next":"5-12","post_delay":500,"target":[640,320,10,10]},
  "5-12": {"action":"Click","next":"6-0","post_delay":500,"target":[1190,600,10,10]},
  "6-0": {"next":"6-1","post_delay":1500,"recognition":"FeatureMatch","template":"退出战斗.png"},
  "6-1": {"action":"Click","next":"6-2","post_delay":500,"target":[110,600,10,10]},
  "6-2": {"action":"Click","next":"6-3","post_delay":500,"target":[830,600,10,10]},
  "6-3": {"action":"Click","next":"6-4","post_delay":500,"target":[110,600,10,10]},
  "6-4": {"action":"Click","next":"6-5","post_delay":500,"target":[640,200,10,10]},
  "6-5": {"action":"Click","next":"7-0","post_delay":500,"target":[1190,600,10,10]},
  "7-0": {"next":"7-1","post_delay":1500,"recognition":"FeatureMatch","template":"退出战斗.png"},
  "7-1": {"action":"Click","next":"7-2","post_delay":500,"target":[650,600,10,10]},
  "7-2": {"action":"Click","next":"7-3","post_delay":500,"target":[110,600,10,10]},
  "7-3": {"action":"Click","next":"7-4","post_delay":500,"target":[110,600,10,10]},
  "7-4": {"action":"Click","next":"7-5","post_delay":500,"target":[640,320,10,10]},
  "7-5": {"action":"Click","next":"7-6","post_delay":500,"target":[290,600,10,10]},
  "7-6": {"action":"Click","next":"7-7","post_delay":500,"target":[640,200,10,10]},
  "7-7": {"action":"Click","next":"7-8","post_delay":500,"target":[1190,600,10,10]},
  "7-8": {"action":"Click","interrupt":"一直点OD","next":"8-0","post_delay":1500,"target":[1170,45,30,30]},
  "8-0": {"next":"8-1","post_delay":1500,"recognition":"FeatureMatch","template":"退出战斗.png"},
  "8-1": {"action":"Click","next":"8-2","post_delay":500,"target":[110,600,10,10]},
  "8-2": {"action":"Click","next":"8-3","post_delay":500,"target":[640,200,10,10]},
  "8-3": {"action":"Click","next":"8-4","post_delay":500,"target":[470,600,10,10]},
  "8-4": {"action":"Click","next":"8-5","post_delay":500,"target":[290,600,10,10]},
  "8-5": {"action":"Click","next":"8-6","post_delay":500,"target":[830,600,10,10]},
  "8-6": {"action":"Click","next":"8-7","post_delay":500,"target":[290,600,10,10]},
  "8-7": {"action":"Click","next":"8-8","post_delay":500,"target":[640,200,10,10]},
  "8-8": {"action":"Click","next":"8-9","post_delay":500,"target":[470,600,10,10]},
  "8-9": {"action":"Click","next":"8-10","post_delay":500,"target":[470,600,10,10]},
  "8-10": {"action":"Click","next":"8-11","post_delay":500,"target":[640,320,10,10]},
  "8-11": {"action":"Click","next":"战斗结束后操作","post_delay":500,"target":[1190,600,10,10]}
}