{
  "战斗开始": {
    "recognition": "OCR",
    "expected": ["战斗","开始","挑战"],
    "roi": [630,520,430,170],
    "pre_wait_freezes": 500,
    "pre_delay": 500,
    "action": "Click",
    "next": "是否需要体力",
    "post_wait_freezes": 500
  },
  "是否需要体力": {
    "post_delay": 500,
    "next": "根据设置改变"
  },
  "体力不够": {
    "recognition": "OCR",
    "expected": "体力不足",
    "roi": [570,485,130,50],
    "next": "取消战斗"
  },
  "取消战斗": {
    "recognition": "OCR",
    "expected": "取消",
    "action": "Click",
    "next": "返回主页"
  },
  "消耗所有体力": {
    "recognition": "FeatureMatch",
    "template": "双右箭头.png",
    "roi": [600,380,300,70],
    "action": "Click",
    "next": "消耗体力确认"
  },
  "消耗体力确认": {
    "recognition": "OCR",
    "expected": "OK",
    "action": "Click",
    "next": "队伍切换",
    "post_delay": 1000
  },
  "队伍切换": {
    "action": "Click",
    "target": [963,51,3,3],
    "next": [
      "队伍选择",
      "战斗开始"
    ]
  },
  "队伍选择": {
    "recognition": "OCR",
    "expected": "上次通关队伍",
    "roi": [1000, 600, 330, 120],
    "action": "Click",
    "next": "确认队伍选择",
    "post_delay": 1000
  },
  "确认队伍选择": {
    "recognition": "OCR",
    "expected": "OK",
    "action": "Click",
    "next": "出击",
    "post_delay": 2000
  },
  "出击": {
    "recognition": "OCR",
    "expected": "出击",
    "pre_wait_freezes": 500,
    "action": "Click",
    "next": "是否自动战斗"
  },
  "是否自动战斗": {
    "next": "确认关闭自动战斗",
    "interrupt": "关闭自动战斗"
  },
  "确认关闭自动战斗": {
    "recognition": "OCR",
    "expected": "OFF",
    "roi": [190,20,370,40],
    "next": "B1-0"
  },
  "关闭自动战斗": {
    "recognition": "OCR",
    "expected": "ON",
    "roi": [190,20,370,40],
    "action": "Click"
  },
  "确认打开自动战斗": {
    "recognition": "OCR",
    "expected": "ON",
    "roi": [190,20,370,40],
    "post_delay": 30000,
    "next": "战斗结束后操作"
  },
  "打开自动战斗": {
    "recognition": "OCR",
    "expected": "OFF",
    "roi": [190,20,370,40],
    "pre_delay": 500,
    "action": "Click",
    "next": "选择自动级别"
  },
  "选择自动级别": {
    "recognition": "OCR",
    "expected": "FULL",
    "roi": [190,20,370,40],
    "pre_delay": 500,
    "action": "Click"
  },
  "战斗结束后操作": {
    "next": "放弃连战",
    "interrupt": "拾取战斗奖励"
  }
}